[{
    "username": "YurijSkalskyy",
    "uid": "yurijskalskyy",
    "fullname": "Yurij Skalskyy",
    "verified": false,
    "location": "Lviv, Ukraine",
    "headline": null,
    "bio": null,
    "friendly_name": "Yurij Skalskyy",
    "touts_count": 0,
    "followers_count": 0,
    "friends_count": 0,
    "last_tout_recorded_at": null,
    "created_at": "2013-02-05T09:57:05Z",
    "avatar": {
        "profile": {
            "http_url": "http://d2cjdr17j9fuin.cloudfront.net/assets/avatars/default_profile.png"
        },
        "large": {
            "http_url": "http://d2cjdr17j9fuin.cloudfront.net/assets/avatars/default_large.png"
        },
        "medium": {
            "http_url": "http://d2cjdr17j9fuin.cloudfront.net/assets/avatars/default_medium.png"
        },
        "small": {
            "http_url": "http://d2cjdr17j9fuin.cloudfront.net/assets/avatars/default_small.png"
        }
    },
    "following": false,
    "followed_by": false,
    "blocking": false,
    "status": "INVITED",
    "tout_settings": "AUTO_PUBLISH",
    "watermark": null,
    "tout_length": 15,
    "id": 7
}, {
    "username": "EvgeniyNaydenov",
    "uid": "evgeniynaydenov",
    "fullname": "Evgeniy Naydenov",
    "verified": false,
    "location": "Lviv, Ukraine",
    "headline": null,
    "bio": null,
    "friendly_name": "Evgeniy Naydenov",
    "touts_count": 0,
    "followers_count": 0,
    "friends_count": 0,
    "last_tout_recorded_at": null,
    "created_at": "2013-02-05T09:57:05Z",
    "avatar": {
        "profile": {
            "http_url": "http://d2cjdr17j9fuin.cloudfront.net/assets/avatars/default_profile.png"
        },
        "large": {
            "http_url": "http://d2cjdr17j9fuin.cloudfront.net/assets/avatars/default_large.png"
        },
        "medium": {
            "http_url": "http://d2cjdr17j9fuin.cloudfront.net/assets/avatars/default_medium.png"
        },
        "small": {
            "http_url": "http://d2cjdr17j9fuin.cloudfront.net/assets/avatars/default_small.png"
        }
    },
    "following": false,
    "followed_by": false,
    "blocking": false,
    "status": "ADMIN",
    "tout_settings": "MODERATE TOUTS",
    "watermark": null,
    "tout_length": 45,
    "id": 12
}]
